id;incident_type;description;reported_date
1;cap character heavily;huzzah schematise putrefy;2025-10-26T20:51:16
2;yieldingly opposite celebrate;than roundabout;2025-10-27T12:48:44
3;overload ha;rag oddly;2025-10-27T10:51:38
4;gee lest less;than furthermore;2025-10-27T00:59:19
5;boo;chubby;2025-10-26T20:57:31
6;unnaturally glaring;conceal barring pish;2025-10-27T19:16:01
7;bustling as;schematise exhausted however;2025-10-27T12:39:55
8;consequently;over practical;2025-10-27T04:15:29
9;midst;bootleg;2025-10-26T22:54:51
10;runway;joy yahoo;2025-10-27T08:35:15
